<?xml version="1.0" encoding="utf-8"?>
<resources>
    <style name="calc_button">
        <item name="android:layout_width">0dp</item>
<!--        <item name="android:layout_weight">1</item>-->
        <item name="android:textColor">@color/black</item>
        <item name="android:layout_margin">4dp</item>
        <item name="android:textSize">30sp</item>
        <item name="android:layout_rowWeight">1</item>
        <item name="android:layout_columnWeight">1</item>
        <item name="android:backgroundTint">@color/light_gray</item>
    </style>
</resources>