<resources>
    <string name="app_name">LectureAssignment01</string>
    <string name="default_val">0</string>
    <string name="clear_entry">CE</string>
    <string name="clear">C</string>
    <string name="back">BACK</string>
    <string name="slash">/</string>
    <string name="seven">7</string>
    <string name="eight">8</string>
    <string name="nine">9</string>
    <string name="X">X</string>
    <string name="four">4</string>
    <string name="five">5</string>
    <string name="six">6</string>
    <string name="minus">-</string>
    <string name="one">1</string>
    <string name="two">2</string>
    <string name="three">3</string>
    <string name="plus">+</string>
    <string name="plus_minus">+/-</string>
    <string name="zero">0</string>
    <string name="coma">,</string>
    <string name="equal_to">=</string>
</resources>